{"cameraMode":{"drawMode":0,"name":"Shaded","section":"Shading Mode"},"sceneLighting":true,"audioPlay":false,"sceneViewState":{"m_AlwaysRefresh":false,"showFog":true,"showSkybox":true,"showFlares":true,"showImageEffects":true,"showParticleSystems":true,"showVisualEffectGraphs":true,"m_FxEnabled":true},"in2DMode":false,"pivot":{"x":1.24281907081604,"y":-2.6539084911346437,"z":-0.6306691765785217},"rotation":{"x":0.27573591470718386,"y":0.05906948819756508,"z":-0.016978809610009195,"w":0.9592673778533936},"size":12.37441349029541,"orthographic":false}